ID,Prediction_1,Prediction_2,Prediction_3,Prediction_4,Prediction_5,Prediction_6,Prediction_7,Prediction_8,Prediction_9,Prediction_10
1,0.13231732,0.0022229035,0.1685239,0.6021484,0.28581515,0.7721075,0.22527224,0.122464254,0.021869613,0.326745
2,-0.10177531,-0.14115316,-0.24650598,0.46034244,-0.7381452,0.42200118,-0.34271923,-0.36091423,-0.39328608,0.338025
3,0.4107705,0.21351126,0.16252339,0.0070171305,-0.093975164,0.29053447,0.18905407,0.50501716,-0.3295408,0.29121384
4,-0.1716961,-0.053918604,0.20461485,-0.03237789,0.27585974,-0.38077804,0.2397415,-0.28169075,0.051927555,0.021787982
5,0.41078687,-0.16233355,0.16173048,0.47936964,0.4208436,0.06859533,0.09051366,-0.5308089,0.0306329,0.48436493
6,-0.20913666,-0.41341123,0.27557403,-0.33234066,0.03998724,-0.15957417,0.29278156,0.36896658,0.018247945,0.4588648
7,0.52823913,0.43956366,-0.017889017,0.008806773,-0.092223786,0.34947842,0.03608176,0.10921213,0.85168666,0.14912874
8,0.773127,0.20462674,0.2849675,0.15647063,-1.4592326,0.65095055,0.24094923,-0.35701308,0.46611008,0.42091373
9,0.30712852,0.16602927,0.54981256,0.4344992,-0.5121669,0.0017728248,0.4794405,-0.26406014,0.4775099,0.47384676
10,-0.25418925,-0.13759372,-0.5993257,-0.31109765,-1.1234783,0.20017213,-0.57800823,0.81027263,-0.18254979,0.2694855
11,-0.025488425,0.3544377,0.35082507,0.60660094,-0.4968118,-0.12335206,0.36762795,-0.30124813,-0.0879743,0.542397
12,0.6467405,0.45034447,-0.022895217,-0.062040586,-0.51189154,0.59305537,-0.027805924,0.20082062,-0.1794123,0.5442044
13,0.19859499,-0.5199508,0.43536034,-0.27653787,-1.2882638,1.1128551,0.45840842,-0.025152797,0.9356779,0.5616125
14,-0.0037959625,0.70380443,0.20654018,0.107743226,-0.1487011,-0.31062448,0.18317178,0.13405792,-0.47382018,0.20279813
15,0.34519014,0.7365247,-0.06914055,0.09880702,-0.22772402,0.1125314,-0.00827958,0.38388628,0.23149353,0.25245795
16,0.22681032,-0.3168255,0.35678408,-0.31765544,0.5072231,-0.38056946,0.45452297,-0.08624658,-0.7070147,0.4773646
17,0.051953435,-0.13507786,0.23560798,-0.41289458,-0.7149704,0.7996648,0.1758557,-0.10951892,0.24763092,0.16999476
18,0.11837737,-0.14071031,0.16747023,-0.31265527,-0.03877921,0.022780368,0.2480858,0.3510438,-0.53988165,0.17308933
19,0.7084125,-0.28194633,0.14715941,-0.008261144,-0.7681534,-0.5154983,0.17937522,0.4435962,-0.8011777,0.76732415
20,0.13389458,-0.5568413,0.40043294,-0.13266565,-0.73204637,0.10845285,0.3608636,0.07198045,-0.37971953,0.16419058
21,0.36788157,-0.7986998,0.06354784,0.10108796,-0.037581682,-0.17047186,0.056174647,0.20251885,0.21696378,0.6073913
22,-0.3725464,0.18135995,-0.18126945,0.6410617,-0.4283681,0.5323963,-0.31514803,-0.15579066,-0.2165756,0.14173326
23,0.3384719,0.55780554,-0.015119629,0.29730743,-0.43254477,-0.25525397,0.15171774,-0.12934752,-0.10830751,0.3791634
24,0.28383765,0.51617295,0.072564416,0.088684045,-0.97691613,0.28711674,0.072184384,-0.7731633,-0.106062986,0.20757705
25,-0.25991374,-0.1362353,-0.064973645,0.19678418,-0.5462248,0.19798966,-0.073490806,-0.4065378,0.35511404,0.34426263
26,-0.006762265,0.13025717,0.21300228,-0.05644705,-0.28827897,0.25284815,0.20572864,-0.7576241,0.6231543,0.31063408
27,0.24302788,0.35861674,0.18593974,0.32420757,-1.3327147,-0.33877543,0.1273907,-0.038566656,-0.0018151499,-0.07993081
28,0.38758728,0.21083908,-0.31637698,-0.24614857,-1.1551279,0.05216726,-0.33348206,-0.52235705,0.7992339,0.4682109
29,-0.28764683,-0.2872337,-0.25666407,-0.03646054,-0.43842128,0.20767772,-0.21480958,-0.3261225,-0.016431903,0.45343286
30,0.105466805,0.2595541,-0.05650491,-0.27034837,-1.6673384,0.43758336,-0.04600772,-0.6209114,-0.15570645,0.10698438
31,-0.105476774,0.33810914,-0.1541294,0.2586925,-0.007921192,-0.17679735,-0.1416533,0.025083544,-0.8311006,0.8308943
32,0.07936845,0.2780872,-0.18341288,-0.21543169,0.36158773,-0.41010213,-0.1088805,0.29957557,-0.2606009,0.35978973
33,0.3352153,0.10648459,0.014922313,0.2572789,0.15845191,0.094569415,-0.011783629,0.051517252,0.39426017,0.28331155
34,0.040746856,0.4452414,-0.20436372,0.14714232,-0.9056558,-0.060308892,-0.09689202,0.70228523,-0.074968934,0.27261737
35,0.21235302,-0.3051955,-0.23124604,-0.20936497,0.09522102,0.35955718,-0.09987584,-0.46254128,-0.5748293,0.45243904
36,0.36617225,-0.0839443,-0.22224657,-0.10479734,-0.51661634,0.122664355,-0.23899545,0.35286495,-0.55076754,0.093352154
37,0.24544978,-0.104395434,-0.13141285,-0.06906217,-1.1408043,0.56675303,-0.017075967,-0.51006216,1.2086959,0.69620514
38,0.053707197,0.35050344,0.10320359,0.5549411,0.2902525,0.52914476,0.012003448,-0.33022958,0.77850854,0.33220524
39,-0.61791146,-0.01905949,0.1326532,-0.32314396,0.23279914,0.76266456,0.19273408,-0.45235625,-0.03538666,0.9469981
40,0.34145206,0.6314238,0.05297501,-0.19957097,-0.18786067,0.24030659,0.080336995,-0.07348306,0.4347523,0.28346175
41,0.18072738,0.17492108,0.29955897,0.3120782,0.1274213,0.8030667,0.31919718,0.12149861,-0.05958933,0.4436228
42,0.5473349,-0.040790092,0.32096523,-0.34527737,-1.1914715,0.22172907,0.25110087,0.04993366,0.3941735,0.37074408
43,-0.43587357,0.37207958,-0.17367983,-0.2562559,-0.51166165,0.5862232,-0.23048782,-0.4262115,0.13174786,0.16742282
44,0.47778976,0.09418901,-0.13523337,0.39973414,-0.33186853,0.16397782,-0.15151802,0.99502987,-0.30744046,0.16583353
45,0.33995828,0.16161093,-0.09203991,-0.4481187,-0.9789951,-0.10576637,-0.0714669,-0.26083177,-0.6840192,0.5786573
46,0.06681464,0.46594936,0.123649836,-0.031278353,0.70015186,-0.10928855,0.2646838,-0.11577853,-0.0322066,0.04584405
47,-0.16610397,-0.15169549,0.0032606707,-0.323557,-0.08749372,-0.48919648,-0.049379177,0.36422396,-0.25716537,0.30617103
48,-0.29308224,0.042617384,-0.087642,0.2414159,-0.42722872,0.083986625,-0.047931146,0.36687502,0.6966792,0.18922305
49,-0.013171652,-0.4252209,-0.010956952,0.49267942,-0.86065304,-0.40262717,0.025158683,-0.1539297,-0.5222997,0.33234546
50,-0.46556944,0.05873909,-0.7515964,0.24635541,-0.56344646,-0.33721069,-0.79561764,-0.39122745,-0.8202815,0.22438657
51,0.4674477,0.051064335,0.25383386,0.04552677,-0.6149651,-0.5124678,0.25634918,-0.70158803,-0.48498535,0.4191685
52,-0.18844636,0.370174,0.30676702,-0.13047011,0.028999984,0.35852873,0.3944912,-0.026010593,0.00056209683,0.018034225
53,-0.010506348,0.23691992,-0.13445944,-0.48051414,0.004350441,-0.50506014,-0.1404082,0.41613507,0.23261875,0.186872
54,0.44025615,-0.04573882,-0.11852637,0.102874674,0.66696495,-0.035892196,-0.09643095,-0.1792286,-0.824778,0.9532287
55,0.21020944,0.47517282,0.29498303,0.24356073,-0.12644394,0.90376145,0.24309042,-0.19277552,0.8463157,0.12301646
56,0.23585027,0.02161239,0.30032027,0.3154641,-0.09022096,0.27013162,0.36684287,0.49817246,-0.39555073,0.17167066
57,0.09869011,0.27822083,0.0003801973,0.25530323,-0.2738562,0.8779829,0.07037879,0.0919698,0.53648734,0.42868853
58,-0.3131834,0.090547055,0.014368846,0.31723225,-0.4126342,0.19676088,-0.017764442,-0.24425174,-0.7540494,0.21693532
59,-0.23060614,0.40306535,0.04306055,0.53913206,-1.2426615,-0.352882,0.05915712,-0.32885766,0.33027998,0.06807421
60,0.03761456,-0.23207697,0.084891886,-0.25926018,-0.2690812,-0.07633802,0.06730806,-0.38710076,-0.18868738,0.85542315
61,0.18826436,0.14164567,-0.4422662,-0.092642136,0.047522396,-0.52413064,-0.45936078,0.31795624,-0.3665673,0.15161817
62,0.014428762,-0.63503987,0.21879266,-0.22445713,-0.947152,0.2687756,0.29346773,-0.61568415,0.92841667,0.23986568
63,0.17676374,-0.13656405,0.22470003,0.41334084,-0.2400772,0.582202,0.2119755,0.12501292,0.32916072,0.18341568
64,0.068671584,0.22845541,0.17578647,0.057876762,-0.8319286,-0.20613554,0.13097773,-0.16244666,-0.42615038,0.15047303
65,0.1154331,-0.020942418,0.20281893,-0.32818383,0.22156663,0.9727786,0.24413005,0.10777667,1.1386832,0.14372261
66,0.40890372,-0.4254927,0.06206682,0.114340276,0.71920025,0.15450202,-0.019934785,-0.30264157,0.79119277,0.28246608
67,0.43791482,0.76138365,0.32214832,0.1680745,-0.10552334,0.842262,0.3826151,0.070325956,0.48170662,0.29774755
68,-0.33459237,-0.5922117,-0.29234126,0.16725397,-0.99943423,-0.24301918,-0.27322236,0.34144053,-0.6534643,0.59103125
69,0.30634892,0.9114219,0.0048125912,0.1551611,-0.43162012,-0.13749385,0.0680693,0.29685244,-0.27048835,0.49805155
70,0.25928554,0.13218038,0.012864479,0.017101696,-0.29989278,-0.21389854,0.073008314,-0.306283,0.5878175,0.40118337
71,0.30562696,0.27180701,-0.023347652,0.14640209,-0.72179115,0.064427905,0.0043942486,-0.16079755,0.02636627,0.5012611
72,0.032352634,0.035190683,-0.12406452,0.18257178,0.2804848,0.25692722,0.04397687,0.2622097,0.11297015,0.21564205
73,0.06523057,0.339518,0.45580286,-0.21414879,-0.5999913,0.72720855,0.36428532,-0.0032841368,-0.17757478,0.5217543
74,0.34761465,0.18285869,-0.008206731,0.07668071,-0.3131009,-0.15600052,-0.035545453,0.09293162,-0.09654102,0.5553598
75,0.35852334,0.14917347,0.14107293,0.22277696,-0.53942543,-0.3628935,0.12857313,0.32001692,0.5572738,0.44233644
76,-0.22488423,-0.15766299,-0.020355774,-0.5126061,-0.27111626,0.24443,-0.04043388,-0.39269283,0.065418616,-0.02714173
77,0.18113643,0.3288886,0.6882407,-0.045426868,-1.0909607,0.16316226,0.6082326,-0.3127285,-0.2270533,0.2264241
78,0.05379901,0.23472032,0.27177924,-0.047054365,-0.36453834,1.0424521,0.28080547,0.51628244,-0.157043,0.18580113
79,0.29055235,0.09348349,0.022300955,0.27031448,-0.6161244,0.24062361,0.06370696,0.034336623,0.69393724,0.1111319
80,0.24314927,0.2554233,-0.19653329,0.14701647,-0.6951001,0.34263426,-0.22656743,-0.2952771,1.2963586,0.12080061
81,-0.03995083,0.5616411,0.24709535,0.14490291,-0.45928118,-0.4526664,0.24175227,0.5038545,-0.121150225,0.45769793
82,0.55381584,0.6148267,0.33458185,0.13275543,0.30499607,0.06375288,0.28804636,0.044269294,-0.17759334,0.2942044
83,0.2957293,0.40042531,0.06425318,0.075948544,-0.6444594,0.45907715,0.1154731,0.06288833,0.085803404,0.4318883
84,0.39224574,0.09784151,0.036330476,0.25361618,-0.4154687,0.3731719,7.57096e-06,0.15987553,-0.42406297,0.3194446
85,0.41409683,0.6553646,-0.18010393,-0.024823457,0.058088504,-0.8316554,-0.18264727,-0.09367103,-0.28515446,0.3785187
86,0.5133326,0.21393263,0.19363531,0.451484,-0.35788274,0.5913926,0.1542906,0.33989474,-0.6113235,0.84555686
87,0.009224252,-0.3707177,0.5173273,0.07264759,0.006848644,0.7679526,0.5425037,-0.25171998,0.2521283,0.086098686
88,-0.17298736,0.3947955,-0.042792592,0.057598583,-1.108445,-0.068574615,-0.049694877,0.20148793,-0.1202538,0.23387238
89,0.6797022,0.21231884,0.17978302,0.17892894,-0.4807716,-0.14570579,0.07454672,-0.507154,-0.06963573,0.45800003
90,0.5573218,-0.28032714,0.2585842,0.46480507,-0.3249344,-0.041809686,0.2647677,-0.013594964,-0.6431244,0.74336576
91,-0.26655635,-0.11549293,0.10816173,-0.49521512,-0.8265994,0.270143,0.094634295,0.15078533,1.1136703,0.023302045
92,0.0472038,0.5643019,0.24181105,0.057864863,-0.38245833,-0.081611834,0.28651434,-0.7017207,-0.3771622,0.35804686
93,0.25613087,-0.29727933,0.56975716,0.7148913,-0.8602548,0.065554306,0.5551467,0.24804899,0.09447107,0.7453621
94,0.46825373,0.13950613,0.2884559,0.20962185,-0.9553862,-0.115290605,0.02814298,-0.010722942,0.60200727,0.91406083
95,0.25929216,0.09188994,0.17221601,-0.06257,-0.28390896,0.6092936,0.17877996,0.2760088,-0.0119222095,0.16708542
96,-0.41893214,-0.31970543,-0.02849274,-0.3991053,0.657689,-0.6743799,0.016986841,0.11327358,-0.486257,0.25428393
97,0.48207176,0.27614012,-0.20315461,0.33490726,-0.13943015,0.2451523,-0.20411761,-0.4430925,0.12321843,0.20496818
98,0.10733064,0.28052112,-0.04376255,-0.089325495,-0.9062407,-0.38673154,-0.05852227,0.046148043,0.20064321,0.34984764
99,-0.10746615,0.022181308,-0.25236797,-0.094495565,-0.04221794,-0.5751102,-0.2833452,-0.1546384,0.18055266,0.43441093
100,0.26726475,-0.024720725,-0.10692906,0.368621,0.5871458,0.117282934,-0.12125446,-0.11598468,-0.123825565,0.2008575
101,-0.0103935795,0.041401077,-0.27846384,0.10033714,0.45399466,0.44059563,-0.32157177,-0.4280951,-0.026053641,0.34830222
102,0.06839621,-0.25126985,0.029451746,0.16939056,-0.7952947,0.4853789,-0.016277209,0.060011946,0.39198086,0.49820513
103,-0.3459808,-0.17230718,-0.06515457,-0.15921259,-0.8581432,0.012836478,-0.10660792,-0.27208647,0.06217427,0.15147494
104,0.38950625,-0.26406497,0.38385975,0.30035678,-0.56346744,0.22778682,0.4153559,-0.8339243,0.5186139,0.4982759
105,0.14688313,0.32665464,0.18280236,0.47984442,0.12691033,0.30214855,0.28147483,0.66391176,-0.47479498,0.20307426
106,0.1673002,0.1309008,-0.09845633,0.07905977,-1.4602308,0.37016436,-0.13514315,0.29868296,0.12543361,0.4359175
107,0.5557929,-0.011984115,0.06371265,0.667563,0.2972096,0.135062,0.10262187,0.23121548,0.6344917,0.25765413
108,-0.015651984,0.23506181,-0.11899184,-0.03329905,-0.7745906,0.46834505,-0.14092186,-0.37628508,-0.49781808,0.2730057
109,0.35803992,0.35631958,0.13484557,0.29385245,0.5701355,-0.077829175,0.12595764,-0.15982315,-0.4673313,0.5595678
110,0.2754171,-0.1815984,-0.19041394,0.20270187,-0.43286604,0.45630732,-0.23864712,-0.52331084,0.577526,0.23246388
111,0.1560814,-0.05842308,0.4253843,0.5239237,-1.0369618,-0.5719819,0.4795979,0.04453605,0.16611883,0.4321509
112,0.14328954,0.1204407,-0.035865605,-0.04534786,-0.2390225,0.30383685,-0.023907993,-0.008598342,0.49571437,0.3404399
113,0.255203,0.13511567,-0.09481776,0.40518054,0.23639329,-0.18231313,-0.04968073,-0.08847657,0.033387154,0.4050354
114,0.22369243,0.11437008,-0.18431857,0.17300761,-0.80276877,0.33135387,-0.25999057,-0.57016,0.43078187,0.38590553
115,0.6871999,0.009363078,-0.36340055,0.024617547,-0.3676537,0.5866513,-0.19006343,0.18482116,0.054585095,0.06648687
116,-0.09306475,0.43599924,-0.08697042,0.16190694,0.34342244,-0.5898344,-0.07045396,0.27173552,0.62105834,0.11775323
117,-0.20921531,-0.27608454,-0.11840904,-0.3792815,-0.7789372,-0.09988943,-0.041714787,0.42164755,-0.16706827,0.091203675
118,0.18394248,-0.20570126,0.23575602,-0.036769107,-1.1169004,0.60860705,0.3150614,-0.37451228,1.0626239,0.33666107
119,-0.19819978,-0.2706492,-0.6323111,0.029903201,-1.6762505,0.4251204,-0.6542659,0.22248971,1.1233027,0.008784223
120,0.2211764,0.013840781,0.1347493,0.09576453,0.27784,0.10940549,0.13617074,0.12753409,-0.5050753,0.7518549
121,0.11376958,0.14794947,0.05921914,0.34303233,-0.969504,0.925755,0.059071794,0.2200068,0.42253464,0.49025726
122,0.4071511,0.19244549,0.31193975,-0.017534055,-0.14617637,-0.19270052,0.25123677,-0.05935604,0.18510121,0.94595563
123,-0.09548815,-0.2826854,0.16883342,0.22145139,-0.22693539,0.19499952,0.2161137,0.047631457,0.27364084,0.026468402
124,-0.2632293,-0.17288174,-0.20506376,-0.00608609,0.12691027,-0.23396993,-0.19877316,0.21577923,-0.49344778,0.4346469
125,-0.36907688,-0.3024931,-0.7114051,-0.39460027,-0.18930897,-0.52728444,-0.7124535,-0.0023540116,0.11378557,0.40849426
126,0.4057688,0.8136929,0.2032292,-0.28735,0.4022189,0.70811915,0.06915852,0.079497896,0.39863834,0.1628649
127,0.14742008,-0.4853929,0.4415712,0.40622061,-0.058715805,-0.48661157,0.45134497,0.4208355,-0.4523016,0.3255279
128,0.2311078,0.33294424,-0.13641417,0.50544846,-1.2808741,-0.15874146,-0.061929878,-0.7303569,1.03235,0.0374914
129,0.40146875,-0.10866102,-0.12794442,0.44469512,-1.0508287,0.54777074,-0.08572908,-0.35208008,-0.36364082,0.34923774
130,0.53414226,0.3056026,0.27475536,0.67957354,0.01861207,0.79986495,0.2830751,-0.71994543,0.6207969,0.48683295
131,0.5747094,0.13986635,0.33464554,0.46727633,-0.6564287,0.7155672,0.21354619,0.62448275,0.1100091,0.4381869
132,0.27777845,0.16621082,0.335254,0.6594598,-0.8209648,-0.2695768,0.3484923,-0.06510764,0.20036115,0.22675693
133,0.019831054,0.48990223,-0.3194459,0.2513945,-0.51108646,0.61822414,-0.24464817,-0.64740324,-0.3429028,0.026748484
134,-0.026203725,-0.5068699,0.046524357,-0.0006219053,-1.4061834,0.007684322,-0.007909779,-0.033807524,0.18849128,0.42703626
135,-0.5329266,-0.13467194,-0.44868836,0.07954396,-1.2948852,0.53836185,-0.42028403,0.3514382,0.15431304,0.43356007
136,0.19776493,-0.30263606,-0.014750317,-0.085097596,-0.22116598,0.4237191,0.0071022916,-0.2586195,0.3043949,0.36222944
137,0.1671277,-0.04507789,0.08944853,-0.32050416,0.6919876,0.01792019,0.1905246,-0.21628004,-0.7475108,0.533084
138,0.6190681,-0.4564293,-0.042915404,0.47440645,0.21932098,0.23263308,0.04260271,-0.44088888,0.1584091,0.34220472
139,0.28972307,0.14807595,0.029875953,0.658576,-0.2277553,-0.5033416,0.105409674,0.14763063,-0.48356232,0.35498595
140,0.09425005,0.16499418,0.26619092,-0.18009304,-0.13819344,0.8605732,0.196323,0.5064976,0.74022883,0.32534143
141,0.36940083,-0.15446258,-0.2827328,-0.050837394,-0.34934965,-0.71370614,-0.17830496,-0.06189599,-0.7408975,-0.1258662
142,-0.2103548,0.06387467,-0.26476002,-0.31382802,-0.8415198,0.27430215,-0.34813192,0.33127403,0.7715958,0.109473504
143,0.53180957,0.40566394,0.033248648,0.3950883,-0.8990274,0.31391922,-0.027276456,0.27231756,0.5547462,0.551419
144,0.21825555,0.27202687,0.022443527,0.27012703,0.45983574,0.2622353,0.044622775,0.4545209,0.05199245,0.4658431
145,0.023049157,0.13073628,0.09914454,-0.24333064,0.03354814,0.49051857,0.17124878,-0.5462231,0.81554264,1.0094904
146,-0.07410713,0.34945166,-0.06558806,0.17894454,-0.5228513,0.83036464,-0.041307297,-0.284054,0.5751473,0.34060925
147,-0.040888313,0.54039955,0.08443513,0.046428744,-0.3435301,-0.05704949,0.067280784,-0.23683427,0.022120217,0.49074626
148,0.28197885,0.1485474,-0.27213553,0.24967536,-0.12676154,0.31148455,-0.29979458,0.40924427,0.39326772,0.36549887
149,-0.20199426,0.17629737,-0.41146195,-0.0021603445,-0.006538255,0.087015,-0.40931454,-0.110991105,0.725073,0.44786718
150,0.48049617,0.4503066,0.099658206,-0.06180144,-0.43823612,0.6421353,0.17598893,0.32880706,0.29322398,0.23583293
151,-0.058288023,0.51246583,-0.085123286,0.07478895,0.65650696,-0.3173528,0.005325977,-0.41182622,0.00042236643,0.4250619
152,-0.27876812,0.36538774,0.016788019,0.05689955,-0.22574612,0.5487846,0.014386344,-0.47135004,-0.72093934,0.12807877
153,0.17075646,0.6827989,-0.32876387,0.106635205,-0.4873923,0.27202654,-0.32406908,-0.2536063,-0.34348977,0.29698133
154,0.5176662,0.04049408,0.19823775,0.11761069,-0.24522805,0.46347523,0.21979657,0.3975371,0.7839904,0.22966304
155,0.5799161,0.37938577,0.009243765,0.41608107,-0.8161004,0.061868824,-0.0014773239,0.6408327,0.46024686,0.35969788
156,0.42996407,0.08772486,-0.12062972,0.2789864,-1.2676297,-0.062946625,-0.08850177,0.19046926,1.1816198,0.36522788
157,0.045077536,0.028115014,-0.098769546,0.30092412,0.44134146,-0.32270256,-0.11644443,0.3914319,0.14066082,0.34605747
158,0.18688361,0.17574401,0.207733,0.32431886,0.015312325,0.73020875,0.25713527,-0.09718135,1.3603349,0.38185993
159,-0.25617635,-0.298845,-0.004687785,-0.024237916,-1.4110996,0.3986341,0.02219869,0.5800469,0.18364179,0.3009101
160,0.57091993,0.16591811,0.041174155,0.03130697,-1.2935114,0.015147028,0.09091914,-0.05833099,-0.53930134,0.28705108
161,0.41494066,-0.1283943,-0.18872887,0.24629074,-0.41626647,-0.039283972,-0.26848394,0.11926002,0.3455426,0.08636902
162,0.17720579,1.0032965,-0.10211404,0.578142,-0.43581998,0.4812437,-0.20723115,0.31691268,0.96070606,0.7570609
163,0.022080489,-0.054027025,-0.15673691,0.49258712,0.20656785,-0.10725359,-0.07154074,0.41911998,-0.74786836,0.49523988
164,0.5722069,-0.47179112,-0.1904376,0.26822534,-0.10018721,-0.4625802,-0.14694297,0.19584237,-0.35585958,0.24981806
165,0.027317759,-0.15617861,-0.11313011,0.2518192,-0.38477165,0.61664784,-0.023072017,-0.4752291,0.058695145,0.3288394
166,-0.2495557,-0.18605296,0.19917852,-0.15540504,0.14250334,0.12707004,0.2150176,0.3717566,0.15594673,0.25962704
167,-0.36282328,-0.053804506,0.20463793,0.3667688,-0.94917697,-0.26027435,0.17024302,-0.24241254,-0.5785783,0.34815618
168,0.5625068,0.33935162,-0.056535825,-0.27804592,-0.10940524,0.8640643,0.08405489,-0.095707335,0.15391263,0.41241917
169,0.1795102,-0.06272671,-0.6852942,0.23627676,-0.68900496,-0.035609145,-0.68792605,0.07607487,-0.36795488,-0.06327272
170,-0.23847456,0.3253267,0.10107143,0.060115945,-0.4223207,-0.21303158,0.02470808,0.12628344,0.111807846,0.028296422
171,-0.06916586,-0.0067475582,0.006444735,-0.027403159,-0.6812502,0.5079351,0.112571605,-0.110502176,0.1329463,0.26340544
172,0.15317228,0.055354282,0.07960296,0.10459104,-0.18491241,0.33939007,0.15412314,-0.2624792,-0.30278686,-0.0581642
173,-0.12534483,-0.003199751,0.07244221,0.39637396,-0.3399439,-0.0926452,0.16966774,0.115704805,-0.17855854,0.18986025
174,0.11371555,0.36927062,0.3265306,0.52533704,0.09692631,0.19314422,0.31693053,-0.54444027,-0.5524715,0.4854169
175,-0.101077355,-0.32925832,0.28438434,0.45318684,-0.62098646,0.6297932,0.3537604,0.21933417,0.55006087,0.5016112
176,0.08792134,0.58352506,0.25673452,0.35263318,-0.30623078,0.103005484,0.2440482,0.28641865,0.4682351,0.44877538
177,0.38031632,0.44327962,-0.16915761,0.24688976,-0.39543173,-0.8363645,-0.28182167,0.18935674,-0.5006946,0.53977215
178,0.2604653,-0.12430301,0.07365929,0.1533339,-0.5261107,-0.121147595,0.08090168,0.6362325,0.7704912,0.3369477
179,0.19659498,-0.019422475,0.033173576,-0.13405669,-0.60177416,-0.2745687,0.099030495,-0.06913172,-0.110835835,0.28999114
180,0.008084815,0.18950933,-0.00558717,0.4725882,-0.17502946,-0.47322005,0.06257906,-0.046831943,-0.6656932,0.67934746
181,0.42249772,0.53300565,0.2377547,0.7563959,-0.41926485,0.48140702,0.1280689,0.31920126,0.5914313,0.3398028
182,0.0540898,0.16182405,-0.33298403,0.015801236,-0.1430201,0.048193254,-0.31392008,0.2817395,0.0799028,0.110988945
183,0.27362925,0.39570212,0.31245384,0.3427714,-0.3631014,0.68871266,0.32909545,0.4321422,-0.052051388,0.54063493
184,-0.03162257,0.077883,0.3899543,0.23555444,-0.4023648,0.06978323,0.35892013,0.37261555,0.08348217,0.48614514
185,0.4932423,0.44024548,-0.046681367,0.048829027,-0.91253597,-0.17413716,-0.043514162,-0.29545382,-0.47352296,0.39437652
186,0.43652758,0.22774826,0.1371171,0.284612,0.094541594,0.81108934,0.08029101,0.44599906,0.81506115,0.41628847
187,0.035826806,-0.17867827,0.43320528,0.4985316,0.068030454,-0.20227294,0.47382787,0.54414564,-0.40244088,0.34728378
188,-0.031099653,0.12764344,-0.09035964,-0.6221822,-0.40178457,0.0027149573,-0.10666955,0.015115923,0.629842,0.057850257
189,-0.31749886,-0.15958007,-0.012693702,-0.39166507,-0.48231637,0.05359736,-0.017669542,-0.2923926,-0.103799514,0.22628833
190,-0.119376116,-0.41296744,-0.44713935,0.109506816,0.21708246,-0.20671043,-0.4146907,-0.35256293,-0.16585803,0.55422044
191,0.21627326,-0.015102599,0.42775223,0.014625362,-1.3494843,0.22481744,0.41243237,0.13534094,0.62321144,0.20635393
192,0.677703,-0.029984117,0.18481663,0.2643095,-1.1180276,0.22017962,0.28050646,0.73678017,0.4905297,0.5231162
193,0.1044846,0.091912575,0.42543632,0.26034722,-0.6221752,0.27101776,0.5610841,0.37624586,0.9985824,0.39604822
194,0.46922502,-0.2580389,0.10440109,-0.15670682,-0.14753307,0.21683079,0.18664292,-0.6977891,0.5004435,0.35899982
195,0.41547513,0.055012073,-0.09131489,-0.14730862,0.09117629,0.25807646,-0.12811433,0.20692891,-0.03390471,0.3805525
196,0.5537253,0.39625356,0.3617858,0.52824354,-0.58626986,0.65450853,0.26544935,0.17564888,0.40144068,0.30461437
197,-0.28535873,0.41367456,-0.3722981,-0.17081438,0.16926868,-0.08071978,-0.4703831,0.18566807,-0.8911089,0.026227575
198,0.037376095,0.38762677,0.3550939,0.119954,-0.39769772,0.17345065,0.45799494,0.53717387,0.09710488,0.75979054
199,-0.45804572,-0.11289258,-0.20167305,-0.14598843,-0.3732407,0.1706122,-0.22207947,0.17385916,0.16271567,0.3496589
200,0.19990754,0.2957075,0.117665246,0.16157126,-0.5898404,0.22352344,0.2351472,0.35306937,-0.12243931,0.33800226
201,-0.06893418,0.45780832,-0.6192079,-0.3858786,-0.44028342,-0.6162621,-0.5635345,0.3094864,0.8610741,0.22310866
202,0.3402969,-0.13243376,0.24737397,-0.06079183,-1.1290636,1.0948173,0.22403084,-0.13722558,1.3039117,0.64971083
203,0.33257988,0.5882721,-0.26542333,0.19432719,-0.24155417,-0.067915596,-0.2294879,0.3660619,0.41491884,0.28725561
204,0.37410867,0.54606676,-0.043949284,0.16093384,-0.60782313,0.2326247,-0.06837818,0.11105741,-0.657727,0.29989696
205,0.12021145,-0.36791182,-0.19333304,-0.35165074,-0.79112285,0.47807255,-0.15016165,-0.74602515,0.639032,0.4835605
206,0.65104467,0.24028157,0.46203536,0.56122565,-0.48392838,0.36676714,0.4403303,0.1712981,0.11467417,0.92955667
207,0.33145058,0.27471557,-0.08280514,0.059168868,-0.08848486,-0.3423408,-0.12390371,0.8699373,-0.788589,0.3263764
208,-0.085270226,0.19944827,0.1170963,0.02010161,-0.35213014,0.5907249,0.060114436,0.4217918,0.22254243,-0.05128711
209,-0.027055526,0.08709267,-0.24897708,-0.3988594,0.0015982046,0.44392607,-0.06874899,0.41220325,-0.08007146,0.48993406
210,0.29575923,-0.19156705,0.09835007,0.6427263,-0.53655934,0.20507607,0.020347873,0.3209987,-0.30355376,0.89852256
211,-0.039881967,0.25813925,-0.15235296,0.113473274,-0.41234574,0.57220757,-0.11010031,0.36836463,0.8167107,0.3836296
212,-0.113566734,-0.17033885,0.16623211,0.22576968,-0.75618047,-0.749954,0.28621668,0.40507838,0.03178145,0.33892366
213,0.08075291,0.2841703,0.57827365,0.20348045,0.43727583,0.16873792,0.43894112,0.23261473,0.536114,0.27719578
214,0.18820679,0.3051882,0.6456285,0.5257716,-0.46819583,-0.05994263,0.5650059,-0.38284913,0.34802446,0.25825363
215,0.22809432,0.43004858,-0.16028924,0.5472403,-0.084629185,0.24453954,-0.10108458,-0.2805961,1.0542762,0.7534789
216,0.07377359,0.57549125,0.4268292,0.10860035,-0.5538921,0.536322,0.3518782,0.23035792,1.0882833,-0.101178445
217,0.5319274,0.66645414,0.13249844,-0.04390763,0.15955052,0.41841403,0.13636449,-0.30063584,1.1735668,0.22288294
218,-0.13586122,-0.39577207,0.21230231,0.021033728,-0.88713574,0.67577463,0.15288949,0.8835382,0.58951133,0.31813273
219,-0.12940735,-0.54578155,-0.20507696,-0.4296557,-0.43321827,-0.66068923,-0.24440892,-0.27139527,-0.22258557,0.9266325
220,0.4958566,0.4659444,0.5000872,-0.19372208,-0.8098119,0.68858343,0.4910187,-0.61747646,0.91949904,0.062343773
221,-0.30893552,0.03354444,-0.09843594,-0.12705867,-0.2806707,0.48057348,-0.23267014,-0.46492916,-0.1068332,0.4993836
222,-0.09046471,-0.3848167,0.25578037,0.18329322,-0.48473847,0.46018723,0.19697863,0.008334035,0.5618203,0.47135678
223,0.17441744,-0.10637881,0.2781885,0.15571597,0.34703302,-0.01417896,0.22784692,-0.111898154,0.265016,0.24853164
224,0.310478,-0.32950178,0.1649561,0.3788853,-0.25546086,0.56677943,0.06926025,0.14530952,0.4645734,0.295386
225,-0.05672332,0.37150186,0.2587857,0.28988558,-0.32661077,-0.13829303,0.36425772,0.19291018,0.21554229,0.16060008
226,0.33242595,-0.24616297,0.5556647,0.23386106,-0.35295698,0.20830017,0.58316493,-0.5887518,-0.53936803,0.28969538
227,0.35457975,0.26220545,-0.10911284,0.26967496,-0.26757917,0.60639155,-0.0707485,-0.053761072,-0.30874583,-0.01972705
228,0.36792168,-0.34752917,0.51724005,0.04308705,-0.85161555,-0.50824934,0.5154573,0.03216508,-0.34108248,0.4108059
229,-0.105489366,0.35757092,0.13766666,-0.3614528,-0.8474432,0.47092256,0.101585485,-0.8754211,-0.23100278,0.15244667
230,0.3306127,0.26058108,0.60417235,0.31661004,-0.99968016,-0.00038531248,0.5906236,0.37546134,-0.3266711,0.2519033
231,0.16592105,0.35364795,-0.4649572,0.0034206293,-1.3139037,0.28781185,-0.49332795,0.04813313,-0.36919475,-0.18487422
232,0.15315966,-0.36706334,-0.27105042,-0.35749403,-0.94353557,-0.48700264,-0.34824553,0.016937913,-0.54164433,0.14891134
233,0.10329371,0.81486684,-0.004775137,0.48147655,-0.592663,0.032359798,-0.052921314,0.017446596,0.4291503,0.2779597
234,-0.40774375,0.45523465,-0.35935995,-0.20374759,0.39032468,0.010642808,-0.34560713,0.07426265,0.4916421,0.16753353
235,0.22721231,-0.01141992,-0.14101563,-0.08600379,0.77820224,-0.24844506,-0.19400318,0.18112499,-0.4322387,0.51575536
236,0.13419297,0.06142246,-0.56526536,0.2623413,0.3159215,0.712773,-0.35795486,0.13833658,0.9140977,-0.04108404
237,0.3334782,-0.07841424,0.034914088,0.6548154,-1.2021948,0.4188877,-0.029399354,0.12118798,0.3376792,0.3973903
238,0.40973866,0.12604842,0.07845558,0.62558067,-0.77113765,0.18147154,0.13134956,0.25956082,0.8941033,0.60306156
239,-0.090467095,-0.27514884,-0.4482756,0.115564816,-0.37091884,-0.4985868,-0.40403786,-0.18861614,-0.53133005,0.28705415
240,0.39154264,0.41318607,0.06586147,0.31455287,-0.553192,0.11251685,0.08177504,0.13768013,0.08761389,0.30235612
241,-0.4769424,0.46174318,-0.59171724,0.36066577,-0.96925956,-0.15807563,-0.5638926,0.20452452,0.15231071,0.18210265
242,-0.33300123,0.09866668,0.12149085,0.18814275,-0.34002787,0.6279308,0.14149831,0.018282048,0.7737264,0.5916876
243,0.043470398,0.38543,0.13264593,0.101972915,0.24067195,0.2826015,0.05009425,0.37975347,0.16112342,0.1653331
244,0.23433174,0.15509605,0.4659915,0.017682852,-0.22558056,-0.049515046,0.41419575,0.49459386,0.043728407,0.13503669
245,0.5003204,0.320819,0.12338295,0.081508644,-1.3124908,0.494308,0.0826143,0.44573233,0.4234213,0.84074116
246,-0.34249493,0.2310778,-0.44862068,0.23572215,-0.9487213,0.017111702,-0.43794674,-0.23077413,-0.30873957,-0.0016688237
247,0.28652418,-0.0013673314,0.47428167,0.0610109,0.18884161,0.30614117,0.46451896,0.4462946,0.055952646,0.4988098
248,-0.15999594,0.14674468,0.16967808,-0.10884948,0.14804469,0.41638497,0.24500209,-0.3189832,-0.27464795,0.6805716
249,0.17024592,0.8297827,0.15004282,0.14149474,-0.3962073,-0.03432997,0.13607238,-0.6923622,0.4315544,0.49459398
250,0.010815881,0.54769236,0.17770438,0.51765954,-0.44365278,-0.3045028,0.16398312,-0.08513846,-0.37627316,0.37826186
251,-0.41476113,-0.3376656,-0.06018001,-0.19648461,-0.22419474,0.040257175,0.057045564,0.06876639,0.81564415,0.40176222
252,-0.21626443,0.07448383,-0.02921761,0.4230212,0.28282222,-0.39075842,0.07177965,-0.26266685,0.084531546,0.2969977
253,0.3642695,0.4906655,0.094814345,0.14797358,-0.14453915,0.41925195,0.008003793,0.68329984,1.3290539,0.288944
254,0.28408852,0.16441026,0.12453117,0.38409293,0.17480141,0.7059989,0.22837687,-0.62965775,0.07618948,0.31530178
255,-0.32934928,-0.20556617,0.0253491,0.122701325,-1.0447047,0.4520099,0.09243881,-0.599812,-0.014948555,0.8627677
256,0.24628562,0.1816751,0.24821378,0.24974784,0.43150625,0.11187827,0.24155119,0.13584633,0.75726676,0.3464851
257,0.38189158,0.26934123,0.054011334,0.5880139,-0.085101776,0.3996777,0.10974946,0.3161996,0.13019568,0.7353228
258,0.5762094,0.03410122,-0.11551105,0.6126717,-0.33671972,0.03483086,-0.10047591,0.5340846,0.28343412,0.33450785
259,0.33787313,-0.23170052,0.01774061,0.38344452,0.13867939,-0.03252911,0.106951654,-0.004095534,0.14881283,0.08846052
260,-0.23740745,0.083135255,-0.3746595,0.05608386,-0.5237702,0.112583235,-0.31585637,-0.11621456,0.47106698,-0.041952945
261,-0.19972163,0.36355573,0.10147446,0.024020363,-0.20229903,1.0745293,0.1365066,0.47507975,0.9086974,0.006910245
262,-0.033280045,-0.026647434,0.014110824,0.28188264,0.4998638,0.16468556,0.0040224204,0.08956007,0.7847299,0.25227442
263,0.15888056,0.32359457,0.032647878,0.34395066,-0.7774342,0.5187867,0.08719394,0.9403059,-0.11480017,0.5392711
264,-0.094514996,0.15559521,0.08998087,0.19776502,-0.60527563,0.071206115,-0.030575698,-0.18754111,0.400054,0.3081231
265,0.4084501,0.556743,0.3465142,-0.051304713,-0.87291515,0.13996074,0.40139797,0.18256822,-0.23344547,0.28876668
266,0.49481577,0.35438898,0.38625655,0.42248142,-1.0930698,0.5527135,0.37048036,0.7275809,0.9010021,0.19832273
267,0.071246736,0.2052856,0.4069106,0.66922736,0.37770507,0.5025875,0.46083584,-0.079722315,0.69431734,0.3325537
268,-0.13453516,-0.001951131,-0.015356163,-0.18688847,-0.3965858,-0.48146102,0.041658707,0.13553274,-0.2957005,0.23470652
269,0.28016922,0.37033913,0.008671842,0.34597632,0.4343493,0.66461086,0.09926581,0.4247592,0.06701867,0.54114866
270,0.06400609,0.3009112,0.0064566573,-0.1796186,-0.7756012,0.48984787,0.061057925,-0.25034103,0.6589214,0.4503915
271,0.05476502,0.2450585,-0.1836562,0.039720975,0.54777926,0.59989375,-0.124880634,0.5389539,0.31406605,0.20915216
272,-0.03348171,0.11139564,0.20218511,0.73739094,-1.6004571,0.1897949,0.29719839,-0.24472061,0.5376657,0.8396682
273,0.33696792,-0.010423943,0.047410008,0.532076,0.3927979,0.35332733,0.0999101,0.111249246,-0.56362814,1.15209
274,0.38162127,0.66609913,0.2693354,0.32189682,-0.6932325,-0.30819008,0.23060374,-0.5541426,-0.13821635,0.43654013
275,0.19440056,-0.098484516,0.3593108,0.36653498,-0.21886851,0.34713602,0.16080469,-0.008993633,0.3469685,0.36043733
276,0.2906315,0.4215842,0.45225,0.61664647,0.15279907,-0.15769981,0.34098735,0.34511197,-0.5371813,0.4059811
277,0.17818461,0.53987354,-0.35615656,0.40493402,-0.82974005,-0.5062205,-0.40722096,-0.09991627,0.0018116592,0.32781857
278,-0.5383965,-0.15278184,-0.5312863,-0.34136122,-1.0416809,0.25211045,-0.6046563,0.07437389,0.86622775,0.16114888
279,0.40708232,0.15113707,-0.13263832,0.3371132,-0.46052396,0.24858056,-0.12219029,0.20112239,0.73405886,0.18010043
280,0.29562217,-0.2324356,0.095080614,0.4420432,0.3774759,0.5378839,0.15425092,-0.6362265,1.252483,0.359881
281,0.20495836,0.35039026,-0.5077445,0.13675638,-0.16730615,0.44680187,-0.4849257,-0.34742227,1.1078067,0.30747786
282,-0.10338397,-0.17999268,-0.22765036,-0.11101547,-0.54035467,0.19246657,-0.2632472,-0.43640754,0.008066503,-0.055330724
283,0.19616072,0.27185446,-0.14065135,0.117005825,0.026853658,0.83733267,-0.097670406,-0.51153564,-0.5989972,0.45267093
284,0.23767856,-0.54382735,0.1488338,-0.29905623,0.03912318,-0.057080727,0.1459388,-0.14580332,-0.139223,0.40336046
285,0.04176977,-0.08994049,-0.352643,0.735812,0.29017437,0.17874049,-0.28777328,-0.29588974,0.42807752,0.043396365
286,-0.19905183,-0.20096958,-0.34093443,-0.064394295,-1.6740303,-0.46329767,-0.3145175,0.5199153,-0.55988276,0.35411477
287,0.23585889,0.03879929,-0.64298505,0.5602686,-1.2951888,0.22545761,-0.5947747,0.2623692,1.1272067,0.13302018
288,0.46830145,0.769929,-0.23584008,0.5950755,-0.38944912,0.9893359,-0.19047858,-0.05120332,1.0660981,0.3746541
289,-0.5032027,-0.08909019,-0.08713638,-0.67594683,0.24092741,-0.16155398,-0.12821195,-0.15737575,0.706579,0.19446902
290,0.12853228,0.14877129,-0.18174863,0.27552116,-0.31789398,0.44072095,-0.22476986,-0.42358452,0.25264522,0.45883864
291,-0.276428,0.3061621,0.0059439857,0.043193813,-0.8208324,0.08154408,0.04055794,-0.28709087,-1.0175167,0.5214265
292,0.47770154,0.1578328,-0.18774891,-0.09602102,0.6175735,0.13606106,-0.06201131,0.69805145,0.06668973,0.6830974
293,0.50977194,0.445517,0.073494054,-0.13377471,0.050411463,-0.21044926,0.1362634,0.3193811,0.11670819,0.98366517
294,0.44279858,0.2826702,0.18765631,0.3006481,-0.089266114,0.59780866,0.1923155,-0.22041044,0.27017367,0.22882588
295,-0.19680762,0.44464067,0.004661214,0.15826507,-0.96786726,-0.9083799,-0.09340119,-0.065849416,-0.26928723,0.21717067
296,-0.20747404,0.17407064,-0.23237245,-0.07246333,-0.45772177,0.7357686,-0.29756495,-0.22750315,0.5647896,0.45261154
297,-0.0018178842,0.6572784,-0.18109767,0.38394284,0.12869734,0.09539649,-0.31361234,-0.18342526,0.080085404,0.20064554
298,0.003153299,-0.098685585,-0.380255,-0.25327525,-0.38122457,0.34077445,-0.39971656,0.1100922,0.6564843,0.097297624
299,0.50767946,0.29413116,0.15717553,0.53821385,-0.88691396,0.57751215,0.13121234,0.31658673,-0.266291,0.28053412
300,0.38933313,-0.039690886,0.042266816,-0.29293343,-0.92417866,-0.47540238,0.124447726,0.38535634,-0.3773515,0.44668603
301,-0.097741306,0.1906618,-0.2750369,-0.28132647,-0.71492916,0.114841655,-0.25571516,0.4331841,-0.49594858,0.00021534866
302,0.5257812,0.5481865,0.3733716,0.032632325,-0.110095784,0.28700653,0.35083985,0.0607643,0.17214563,0.3635882
303,0.30806318,0.13306767,0.12254441,-0.32951406,-0.329356,0.40431625,0.15834425,0.012685377,0.37605628,0.42831367
304,0.1826436,0.27804512,0.2058802,-0.3351845,0.16927238,0.27304602,0.21996999,0.0879632,0.2548822,0.28041407
305,0.17628333,-0.20011978,0.24467191,0.17388287,-0.12879199,0.6835074,0.21745434,0.030855408,1.0247753,0.10260549
306,0.4043199,-0.2083204,0.4201231,0.52128136,-1.4172213,0.08225919,0.42034745,0.03649671,-0.17605327,0.2222819
307,0.0470292,-0.5087076,0.12852444,-0.024572594,-0.30453113,0.20161557,0.045821473,0.110531256,0.9166984,0.5901782
308,0.4597413,0.7247666,0.014206988,-0.20302726,-0.13702975,0.33784848,0.027357677,0.38647833,-0.14390834,0.25270918
309,0.09694625,0.41219768,0.4091181,-0.040868606,-0.78254294,-0.40105727,0.3403186,-0.056464795,-0.7309772,1.0722746
310,-0.060448885,0.054608453,-0.15251906,-0.11990812,-0.0955257,0.02007097,-0.06466193,0.28754672,-0.41779435,0.014036631
311,0.2188158,-0.23558657,0.22515035,0.2057865,-0.11811855,0.2598328,0.17801182,-0.18846294,0.22743577,0.11823933
312,-0.06004857,-0.5626461,-0.062379308,0.18685746,-0.5387537,0.2301752,-0.10451718,-0.6035403,-0.41563055,0.4001481
313,0.0815288,0.13547082,-0.25506064,-0.044401262,-0.9872914,-0.5381966,-0.1434873,-0.2557216,-0.50244063,-0.05457901
314,0.16010028,-0.43603414,-0.15339348,0.6948646,0.36204788,-0.293333,-0.117216066,0.2918094,0.22418638,0.17780484
315,-0.010325502,0.23398302,-0.6924059,-0.33588585,-0.3485385,0.4182514,-0.43295667,0.20474207,0.7781698,-0.06989618
316,-0.42720607,-0.29530728,-0.24224952,-0.20843536,-0.8579955,0.050177492,-0.15183283,-0.32447237,0.10139499,0.47477168
317,-0.5147946,-0.04096691,-0.5298622,-0.034531124,-0.13710807,-0.9762432,-0.48845932,-0.562194,-0.7398166,0.28861108
318,-0.13468441,-0.23362002,-0.0010091867,-0.2957667,-0.78379196,-0.038415786,-0.08342108,0.4967189,0.06822712,0.20535642
319,-0.04408801,-0.00973024,-0.105802014,0.32950073,-0.5436017,-0.59734,-0.09489556,0.4115097,-0.36973572,0.25581592
320,0.512031,0.19324993,-0.051585842,-0.09918918,0.33591494,0.15187837,0.021105027,0.44671044,-0.22958213,0.6042911
321,0.49726915,0.2709505,0.15776087,0.15137829,-0.032440655,0.06509031,0.1975541,0.37291518,-0.10229338,0.7283042
322,0.22221419,0.80490714,0.04935837,0.46563342,0.08134427,0.17167713,0.003550294,0.19133805,-0.20184542,0.22181171
323,-0.00021684499,0.86304384,0.094585374,0.45687425,-0.31827152,-0.0005388314,0.068598785,0.22382693,0.56629264,0.40124705
324,0.23672381,0.06474073,0.337367,0.6169203,-1.2749223,-0.16337721,0.28797376,0.40546337,-0.064076826,0.58046037
325,0.47319853,-0.52059734,-0.077702075,0.084292345,-0.3141785,-0.359285,-0.08022652,-0.29581562,-0.09700329,0.4894344
326,-0.21965764,0.4120118,0.5682955,-0.43168595,-1.0485145,0.07144239,0.6129866,-0.44111994,-0.25878713,0.90020895
327,0.4013494,0.1404217,0.4181392,0.22058216,-0.43254718,-0.48716956,0.45809633,0.25811026,-0.33348876,0.48674756
328,0.27034998,0.046678334,-0.16938384,0.32953343,-0.10465133,0.2860804,-0.09747227,0.23161447,1.0045602,0.45452422
329,-0.07792443,0.28512162,0.14676689,0.22821194,-0.21022752,0.86650056,0.13839051,-0.36062428,0.17571047,0.183796
330,0.31299293,0.60310084,0.029928576,0.20994103,-0.7964613,0.6361829,-0.031202178,0.21242635,-0.38501704,0.38817674
331,0.35412642,0.019727515,-0.15271294,-0.03075514,-0.30518326,0.27854246,-0.051775422,0.0028201072,0.1786477,0.22213386
332,0.09630439,0.54024494,-0.21678588,0.2731269,0.27348742,0.06930626,-0.2580498,-0.11162281,0.1429197,0.194659
333,0.28060165,0.43765745,-0.13372587,-0.14380419,-0.6421295,-0.27469367,-0.0687388,0.40045756,-0.25346228,0.2606446
334,0.123690605,0.2821177,0.05607409,0.18675222,-0.04998698,0.36821488,-0.0033310333,-0.37118983,0.20794815,0.17503724
335,-0.090989165,0.24526782,0.42762652,0.05445857,0.40044007,-0.10220012,0.39273354,0.060983803,-0.49041268,0.16391662
336,0.35970968,0.11307341,-0.44294143,0.028483756,-1.0941465,0.12146158,-0.38444433,0.110821865,0.68704766,0.35396066
337,0.45278963,0.14144468,0.20648237,0.34395075,0.0026221217,0.45118347,0.15905893,0.13108581,0.23531683,0.8091889
338,-0.23040687,0.20039967,0.3399787,-0.061399046,-0.71664035,-0.12217469,0.3545584,-0.18364836,0.2627457,0.42616704
339,-0.18962641,0.10988634,0.13895224,0.0022929008,0.43169197,0.3852022,0.117435716,0.4648935,0.292269,0.6085167
340,0.24223278,-0.16058098,0.09993321,0.41936582,-1.3032695,0.32127354,0.12389787,-0.032372635,-0.07497897,0.2470604
341,0.3715327,0.17241351,0.53182995,0.57068217,-1.460138,0.74179316,0.44790334,-0.3061156,0.11277935,0.25369447
342,-0.32543674,0.13480252,-0.9078939,0.43405342,-1.2317733,0.014936814,-0.890693,-0.37472743,0.21561326,-0.0021240555
343,0.55138993,-0.15116978,0.35559002,0.021017104,-0.7154325,0.6587566,0.34677383,-0.10308215,-0.3976527,0.37146115
344,0.3237114,0.004263247,-0.15725754,-0.4726233,-1.0131997,0.5366778,-0.13355072,-0.09174542,-0.3442075,0.25658754
345,0.16807175,0.41760814,0.04129949,-0.01719392,0.06698665,0.75611615,-0.0028061138,-0.11871388,-0.1839353,0.48557276
346,-0.10725575,-0.15642886,-0.47714704,-0.58480424,0.24084426,-0.44239834,-0.4755548,-0.540742,-0.51677805,-0.073264055
347,-0.12022934,0.31846145,0.32757235,0.22884248,0.19175789,-0.23998158,0.26611334,0.055710312,-0.23140961,0.22806662
348,-0.1374732,-0.31091487,-0.16304573,0.011940855,-1.1998221,-0.20619932,-0.11787116,0.45851734,-0.35014382,0.049169656
349,0.27463022,0.43476537,-0.14413638,-0.26316595,-0.5758806,0.12739438,-0.13394,-0.109124735,0.7143433,0.14478844
350,0.017694442,0.18815993,0.3716412,0.34855643,-1.2459553,0.33993438,0.424599,0.22649188,0.13884082,0.5661328
351,0.3383016,-0.045282867,-0.12819192,-0.039382316,-1.6300075,-0.08849624,-0.073474646,0.52050436,1.0872719,-0.03836947
352,0.118151225,0.4660542,0.2533867,0.616236,0.45560935,0.33932737,0.33782035,-0.6161599,0.9163162,0.38023722
353,0.011375402,0.6158855,-0.14038233,0.43819278,0.56897277,0.41722423,-0.16373256,0.4359177,-0.5004452,0.9965793
354,-0.12275445,0.44878265,-0.0055237943,0.62190825,-0.33738568,-0.16157626,0.03110554,0.08311507,-0.10982175,0.09336017
355,0.34606624,-0.40744624,0.028678624,0.27615988,-0.5594554,0.10020078,0.052014846,0.33845285,-0.34723496,0.22023618
356,0.28445837,-0.014364573,-0.3730372,0.07169594,-1.5216645,0.34820634,-0.35611296,-0.24909002,1.2040781,0.35608
357,0.033801924,0.5768409,0.34134054,0.4553678,-0.5449516,0.17199633,0.35890603,0.39240825,0.58838946,0.23022804
358,0.43317837,0.10862289,-0.03584196,-0.113326974,-0.76244086,0.11153049,0.037592344,-0.1813607,0.61484265,0.35593924
359,0.4745192,0.13731138,-0.06835768,0.509837,-0.15343657,0.29314908,-0.062824786,0.23392555,0.40901634,0.15473148
360,0.028332064,0.49992612,-0.032961003,0.07889481,-0.6701753,0.046794895,0.0284694,-0.13322641,0.003146652,0.46949583
361,0.37930498,0.41180247,0.30943257,0.24446039,-0.15834627,0.6093879,0.32760102,0.62149364,-0.2940661,0.41175053
362,-0.10480906,-0.0951914,0.26886395,-0.41814384,-0.5538229,0.1942533,0.3386324,0.21383247,-0.28161055,0.7613526
363,0.24864858,-0.006046083,0.11686001,0.07587349,-0.4309036,0.6098798,0.12920518,0.17889431,-0.3205899,0.032505285
364,-0.26043907,0.50463945,0.4810252,0.17680572,-0.113831535,0.7214294,0.49555898,0.32061264,0.5123356,0.4376238
365,0.5156063,0.68441224,0.03417469,0.49741998,-0.18073972,0.5174522,0.12154049,-0.23608053,0.9714216,0.43006414
366,0.23383836,0.36383978,-0.011239803,0.015662821,-0.547495,0.29722694,0.015934959,-0.2596216,0.39113894,0.20302206
367,0.19685102,-0.33313346,-0.15495008,0.30664423,-0.3428526,0.70846057,-0.30522552,-0.14260043,0.03620025,0.3180102
368,0.50161153,-0.05262456,0.2539514,0.4359216,-0.59726715,0.9093409,0.24485745,0.057296287,1.2736821,0.20304723
369,-0.09645331,0.41745138,0.111825176,0.07739749,0.07839483,0.6747255,0.17867158,0.36665452,1.0892178,0.4434746
370,0.54226273,-0.09001218,-0.12140896,0.42429724,0.41264293,-0.20234099,-0.22503294,0.088381745,0.20887716,0.39436343
371,-0.28877988,-0.15639603,0.32717812,-0.027645985,-0.1152361,-0.06694867,0.3224532,0.016929768,0.34934106,0.17740022
372,0.10775872,-0.27074262,0.6157217,-0.020283187,0.80674815,0.27884746,0.5062322,-0.60048103,0.08609948,0.3003596
373,0.12959905,-0.04311582,-0.34713188,0.60442793,-0.08852743,0.90632063,-0.31264138,0.22165957,0.86594814,0.4413299
374,-0.03026264,0.17728959,0.2983727,0.29330134,-0.3102467,0.5722728,0.4128858,0.046936218,-0.09669065,0.8096752
375,-0.00048608455,-0.42382362,0.011625376,-0.16280058,-0.5664789,-0.2876167,0.038724143,-0.61179656,0.018953115,0.19582121
376,0.3679941,0.29705048,-0.03533102,0.5348348,-0.52826685,0.045972385,0.006446979,0.31266502,-0.1951026,0.4067273
377,0.34872264,0.3032531,0.16622275,0.34434626,-0.75698006,0.35212186,0.27256078,0.050167058,0.37186942,0.2920517
378,0.10753004,0.34427857,-0.049658757,-0.09349944,-0.5639627,-0.086369954,-0.053052098,-0.60047865,-0.060611054,0.033865545
379,-0.082641095,0.23305856,-0.23794352,0.49245188,-0.75567013,-0.14634876,-0.23719162,-0.4581797,0.20543145,-0.096939005
380,-0.064406194,-0.42953947,-0.29050773,-0.45155114,-0.2370641,-0.13518685,-0.35341388,-0.18903536,-0.37191275,0.29313928
381,-0.3805602,-0.12488054,-0.2511733,-0.27855226,-0.88237435,-0.11690217,-0.25010467,0.31544295,-0.53110033,0.2022724
382,0.19902794,0.07846317,-0.09707875,0.027041856,-0.8312366,0.55935234,-0.14556192,-0.55693936,-0.69899297,0.31396896
383,0.43261027,0.19280054,0.15548794,-0.023684517,-1.6810533,0.036430757,0.20767353,-0.1628478,-0.4396178,0.5827695
384,0.4100413,0.45679638,-0.093198724,-0.27257502,-0.591881,0.5625489,0.052274693,-0.03887273,0.072526895,-0.07505492
385,0.020624163,0.4245237,0.61170435,0.11422206,-0.23034787,0.4965319,0.5775231,0.40657523,0.3086151,0.36681888
386,0.37986124,0.2943096,-0.24420288,0.48487666,-0.5366674,0.034324408,-0.34063432,0.34204704,0.123267464,0.04935555
387,0.14746979,-0.10251746,0.13808368,0.16875337,-0.562674,0.12886544,0.21206522,0.04931113,0.7152707,0.46858853
388,0.36538264,0.104588024,0.21271813,0.2330228,0.19518428,-0.11049058,0.1681837,-0.48666486,-0.12589572,0.36376563
389,0.09282797,-0.19364624,-0.03447606,0.10026889,-0.20480196,0.5623577,0.0105261365,0.22626963,0.5057788,0.3252035
390,0.33924934,0.6716766,0.27712372,0.094758116,-0.38043004,0.36802936,0.1855513,0.8935913,-0.1820073,0.056256104
391,0.21750335,0.6089908,0.014402845,-0.4110164,-0.8473501,1.0757241,0.019574951,0.39714375,0.63178366,0.1674459
392,0.5244849,-0.20662782,0.19589193,0.39524218,-0.7482652,0.5731655,0.23720098,0.09249708,0.48533833,0.3328511
393,0.2441129,-0.29437014,-0.11627398,0.17651549,-0.39616528,0.846669,-0.089519195,0.29502404,0.67510474,-0.08820644
394,-0.2493711,-0.229214,0.36936754,-0.1525715,-0.8619136,0.68860656,0.35910296,-0.26377884,0.4298005,0.39300215
395,0.06875148,0.4508365,0.16765212,-0.013190976,-0.5861746,0.5405325,0.17749412,-0.11484955,0.75006056,0.60445285
396,0.37378773,0.15239465,-0.105677836,0.11169883,-0.5185081,0.7244486,0.04768302,0.23191087,0.40249106,0.46024138
397,0.007933576,-0.12739094,-0.31599385,-0.24998634,-1.0428764,-0.5453923,-0.34380552,0.3015669,-0.7751098,0.25441313
398,0.0069581126,0.607368,-0.59927684,-0.24896434,-0.36585566,-0.43617722,-0.7682557,-0.018305538,-0.09183653,0.27538973
399,-0.25113404,-0.34446868,-0.026443804,0.15608156,0.2027061,0.15318656,0.06049894,0.103662156,0.101582974,-0.029861545
400,-0.2616881,0.12319864,-0.44047448,-0.6379844,-0.029799057,-0.5126952,-0.43519396,-0.07024609,0.39657822,0.33872738
401,0.1666932,-0.49664932,0.04673173,0.50010014,-0.43247035,0.015113148,0.0362745,0.105594374,-1.0648091,0.28000826
402,0.36653268,0.5861663,0.055768017,0.14055169,-0.46735972,-0.3667218,0.056963995,0.9955843,-0.15146135,0.44729474
403,0.41514102,0.50382143,0.1950312,0.45979685,-0.71214014,0.76020133,0.14166708,-0.09963155,0.31237718,0.7317821
404,0.21054208,0.10726209,0.11394285,-0.053391885,-0.25412098,-0.38886127,0.12840986,0.105167344,-0.6316181,0.45399877
405,0.10912663,0.4350911,0.47559708,0.64176744,-1.3740774,0.30388823,0.3836112,0.48673135,-0.49663937,0.37336007
406,-0.22577927,-0.3409565,0.0043404847,-0.06847545,-1.014245,-0.61616236,0.019618832,-0.3648818,0.020553162,0.14828157
407,0.39617658,-0.31913468,0.22390312,0.2621904,-0.54441833,-0.29271194,0.16101623,-0.07639674,-0.42848817,-0.12104642
408,0.15681578,-0.19177575,0.13580082,0.0235679,-0.8619776,0.04142959,0.12708102,0.71209824,0.17607321,0.7471863
409,0.03552308,0.18497697,-0.24316037,-0.18071496,-0.51912016,0.2808531,-0.20003247,0.15518327,0.037373807,0.1741743
410,0.45504093,-0.1093605,0.03447709,-0.017022068,-0.04197952,0.215864,0.14454596,-0.016089251,0.060689837,0.40412915
411,-0.49490276,-0.027925983,-0.08860693,0.23628478,-0.6320403,-0.17479257,-0.033975165,-0.18301846,-0.16186927,0.28794542
412,0.681572,0.4725544,0.3213352,0.59651446,-0.85598236,0.13719708,0.35756686,0.3466131,0.47299552,0.44176403
413,-0.20147806,-0.06600889,0.034644675,-0.19017412,-0.27294838,0.22088194,0.11539758,0.017414233,-0.71835226,0.26778862
414,0.44340327,0.11678962,0.32653967,0.36987177,-0.38958484,-0.35407388,0.371923,-0.9874748,0.21288607,0.6662627
415,0.5429419,0.551414,0.254865,0.38935247,-0.381711,0.3183389,0.18181121,-0.2350529,1.0190724,0.22505267
416,0.15042558,-0.06437854,0.2114026,0.38290247,0.15685971,0.11299144,0.21048686,-0.60784847,0.11162588,0.36342907
417,0.40810025,0.17186598,-0.17531899,0.041220456,-0.4539394,0.062460892,-0.15533638,0.21696821,0.15455352,0.117953494
418,0.17028175,0.43000168,-0.009089204,0.2169756,-0.50875634,0.27992937,-0.033659045,-0.002868925,0.20455484,0.47493973
419,-0.14719242,-0.036731783,0.26848608,-0.15670356,-0.6422043,-0.16523692,0.26903272,0.6591712,0.29652512,0.18763296
420,0.39880615,0.48849306,0.5042684,0.27345333,-0.62868977,-0.40324754,0.48284987,0.24960555,-0.24446389,0.29569757
421,-0.2015725,-0.14222883,-0.36825576,0.292238,0.22524534,0.42879906,-0.245491,0.21544194,0.5125709,0.48848444
422,0.18065305,-0.09488223,-0.35303432,0.04145713,-1.2074982,0.8516879,-0.3118807,-0.16900177,-0.2429312,0.42431366
423,0.1628752,0.16259614,-0.04549254,0.14755982,-0.42510438,0.20275985,-0.053881794,0.5066918,-0.48816925,0.67918545
424,0.0035543945,0.39267415,-0.057821646,0.35561225,-1.0284379,-0.72767115,0.04751414,0.07344112,-0.23876683,0.42209157
425,0.18522711,0.37910438,0.08783742,0.6851616,-0.10756137,0.359314,0.009137924,-0.3323175,0.016137186,0.28252414
426,0.07380141,0.82807136,0.31800812,0.1394914,-0.43585804,0.26673934,0.3945862,0.017581759,0.9482004,0.41336995
427,0.04327109,0.4115728,0.2198745,0.36303687,-0.8192811,-0.12693955,0.26515082,0.39025477,-0.5659869,0.2230188
428,0.4197844,-0.20930961,-0.17401257,-0.08189139,-0.37084046,0.18935376,-0.24529764,-0.50168484,0.5030902,0.18274549
429,0.04878907,0.1310795,-0.5778255,-0.14965281,-0.5941696,-0.1326189,-0.60663104,-0.33521038,0.30602843,-0.07308284
430,0.16468155,-0.20032689,0.22261974,0.14982177,0.57155657,-0.060513977,0.2903453,0.01509877,0.69881207,0.9598602
431,0.21671008,0.30392808,0.021512311,0.28860655,-0.07663829,0.25739184,0.029783683,-0.5243153,0.38398242,0.34957242
432,0.09489061,0.015884727,0.2943612,0.25167498,-0.36702546,0.71161556,0.1896583,-0.043608405,-0.42722547,0.45130593
433,0.25240573,0.17829949,0.14578763,0.10300095,0.16459212,-0.14031179,0.20237036,-0.03929181,0.2409081,0.7304845
434,0.036983855,0.27180254,-0.056579724,0.3466718,0.068069465,0.52067137,0.053724896,0.018885711,-0.58310014,0.43183815
435,0.20813781,0.42055085,0.19362578,-0.1957459,-0.55327475,0.3264374,0.21535769,-0.34303436,-0.74090147,0.3042021
436,0.29351357,0.6061924,0.079298764,-0.047985055,0.03962594,0.24353595,0.013255545,-0.13724267,0.16628326,0.030215628
437,0.09277448,-0.0005527618,0.4570624,0.14219725,0.11257602,0.5758454,0.47921154,0.18102507,0.04374351,0.14380623
438,0.11861492,0.46754384,-0.33287606,-0.2954387,-1.1312103,0.15091272,-0.33415684,-0.96740466,-0.122398905,0.6307975
439,0.11104139,-0.1705669,-0.342375,-0.054200664,-0.45294946,0.44689822,-0.37884653,-0.54114425,0.1990578,0.09370212
440,0.406649,0.17507106,0.03334733,0.24538255,-0.90325266,0.121695645,0.11817515,-0.44987845,0.70481026,0.3454171
441,-0.21873999,0.053203855,-0.22780274,-0.29913715,-0.22988115,-0.2736206,-0.27014357,-0.367228,0.20308162,0.17865703
442,0.3848328,0.932593,0.35203767,0.33571044,0.031135306,0.24107061,0.23523434,0.37277767,-0.07896221,0.21356113
443,-0.055980287,0.5786931,0.36466086,0.2975755,-0.38882676,0.27445823,0.30073616,0.3853662,-0.08696806,0.5323649
444,0.1850721,-0.18573578,-0.15636586,0.46834293,-0.55028635,0.24076742,-0.13979551,0.36856192,0.25466916,0.22228712
445,0.43069804,0.8541155,0.42055714,0.21238528,-0.20581953,0.09667265,0.4016095,-0.6679221,0.5533285,0.14357543
446,0.41812888,0.39424515,0.06532843,0.067931935,0.079807036,0.022012193,0.18624993,0.36225164,-0.7271732,0.44007123
447,0.59519136,-0.02175112,0.19491799,-0.42441073,-0.8670963,0.2988526,0.22642566,0.35580677,0.3057462,0.36411428
448,0.48380393,-0.33499673,0.07017955,0.43901107,-0.7014681,-0.34317756,0.018245738,1.0546488,-0.50425905,0.44120586
449,0.16978288,0.07147447,0.20232588,0.5450918,-0.19077265,-0.90847766,0.16949435,0.45807904,-0.37761855,0.33821478
450,0.063908346,0.7931707,-0.13894416,0.3354418,-0.9378046,0.48391694,-0.055041276,0.53945184,-0.19409525,0.6251287
451,-0.22675367,-0.20208712,0.039608873,-0.1894531,-0.4234947,0.09599886,0.097591534,-0.3255446,-0.12313926,0.43011466
452,0.05420981,0.1315157,-0.45043394,-0.17670396,-0.78455365,0.06951125,-0.49858198,0.061834764,-0.569699,0.029779201
453,0.45102608,0.3209075,0.4158039,0.10247234,-1.7118913,0.329389,0.4310038,0.37056732,-0.16920409,0.42973495
454,0.39074442,0.10670988,0.050776437,-0.00024811388,0.17178157,0.4201121,0.03472859,0.6449362,0.1819095,0.13658297
455,-0.36542666,0.5608411,-0.28627798,-0.7056214,-0.14645284,-0.16430612,-0.2201936,-0.29901725,0.34379184,0.2745438
456,0.40351254,0.5371716,0.27811718,0.23429084,-0.55920774,-0.29310876,0.23793188,-0.1723177,0.21433006,0.48027545
457,0.46878287,0.33260918,-0.14970075,0.1455938,-1.2875533,0.25586894,-0.21727847,-0.6743883,-0.18411905,0.35623026
458,-0.042559613,0.37612393,0.23687023,-0.09104531,0.40420154,0.33333662,0.18846017,0.5717578,-0.19621967,0.30096805
459,0.052754596,0.66957325,-0.029487848,0.3008935,-0.16670948,0.16572417,0.021008283,0.23644602,1.1812575,0.29653788
460,-0.17202838,0.29319862,0.02535278,0.44300574,-0.4194026,0.19213252,0.08995943,0.02358773,0.22166473,0.7454384
461,0.1962242,0.20277412,0.1502515,0.0705583,-1.2267529,0.0023462004,0.19011429,0.32596335,0.20668523,0.46796224
462,-0.3561606,-0.13822728,-0.18805116,0.15296179,0.2741704,0.08364585,-0.27852798,0.18877856,0.26080593,0.15397744
463,-0.12592506,-0.5439778,-0.0066851308,0.20265481,-0.8068918,0.18694055,-0.020148639,-0.08541802,0.63713026,0.60029507
464,0.25627604,0.22042368,0.080860704,0.052412245,-0.3510302,0.11493514,0.100752875,-0.19088596,0.6830255,-0.12596421
465,0.17865634,0.49635932,0.112166286,0.2925221,-0.15433374,-0.17178759,0.0736451,0.42759323,0.096005775,0.37109494
466,0.19144045,0.29941738,0.17376858,0.41744572,-0.23481518,0.29276863,0.15558468,0.44459665,0.15481225,0.48906535
467,0.4876737,-0.31884834,0.38426533,0.21644527,-0.5736764,0.22195575,0.32074273,0.38376603,-0.28027996,0.3089557
468,-0.39896342,-0.23280188,0.053124834,-0.17305815,-0.6567083,0.41459045,0.0012564871,0.13047846,-1.0687578,0.32864526
469,0.061042074,0.11304871,-0.16913082,0.67112905,0.15020898,0.10179981,-0.11542444,-0.6737856,-0.14758514,0.14339375
470,0.015802862,-0.41318086,-0.36108407,0.028268633,-1.2706122,0.24027288,-0.26435214,0.0312383,-0.0017896543,-0.24706244
471,0.4066611,0.058872644,0.0070359358,0.08455239,-1.0499092,-0.18009719,-0.07806496,0.18912755,0.36458316,0.21069068
472,0.27164268,0.27045405,0.06671919,0.1643968,-0.719603,-0.29314736,0.038021047,-0.45844245,-0.28723767,0.7447329
473,0.23016323,0.37821817,-0.14381635,0.36471617,-0.17703186,-0.06228141,-0.24026957,-0.26953393,0.030390192,0.17784132
474,0.039488796,0.31377855,0.17885704,0.12763573,-0.4063315,-0.023881627,0.111251384,0.6082831,0.40505302,0.24784143
475,-0.12423439,0.3164102,0.1806989,0.20566665,-1.6987642,0.28311244,0.27893054,-0.40429488,-0.33839145,0.2559758
476,-0.20051557,0.30364048,-0.304932,-0.49113402,-0.3979727,-0.122885056,-0.27045926,-0.8415893,0.67773503,0.40557766
477,-0.060441006,-0.17776874,0.35967842,-0.6175185,0.38852972,0.46283972,0.33224428,-0.8125258,0.09957455,0.6134723
478,0.34180495,-0.30695948,-0.12261642,0.22670002,-0.63561493,-0.14387877,-0.10994747,0.007118746,0.51503813,0.66384125
479,-0.2683955,0.5560984,-0.22602613,0.13850607,-1.4009827,0.36801246,-0.16586572,-0.23508334,0.35250682,0.21225639
480,-0.04903953,0.29278108,-0.10164403,-0.48241434,-0.7613415,0.09386947,-0.24289091,-0.49681062,-0.06852891,0.47052652
481,-0.030628016,0.4445029,0.30376512,0.308033,0.17008717,0.8065723,0.3020458,0.06274945,0.53049856,0.5912868
482,0.24841678,-0.41705084,0.15609933,0.49506044,-0.8938796,-0.944651,0.20121385,0.23136754,-0.6026468,0.3815774
483,0.30776504,0.77062243,0.2148999,0.17785044,-0.7055411,0.7577819,0.19307399,0.019423237,1.3702226,0.31370026
484,0.06441644,-0.16322732,0.13325417,0.044234402,-1.0213765,0.30550236,0.13994724,0.28345734,-0.482088,0.24328911
485,-0.012345346,0.11974095,-0.15635501,-0.19422801,-0.70242107,0.3903033,-0.042035654,0.29599226,0.12429758,0.1749022
486,0.20704587,0.32365572,0.2826824,0.12577948,-1.1342021,0.40154126,0.23529269,-0.7262166,0.28981093,0.2687804
487,0.15180382,0.0064029656,0.32031012,-0.24746628,-0.49685326,-0.06404632,0.28175536,0.40930882,-0.22421873,0.17487481
488,0.514681,-0.15050928,0.056011856,-0.25438866,0.15634967,0.45500708,0.12306542,-0.524324,-0.20215206,0.1336481
489,0.06666194,-0.34374636,0.2489058,0.28847414,-0.7692683,0.56259197,0.23047034,0.046699267,-0.55237716,0.12131508
490,0.7214558,0.27787852,0.3044313,0.4366426,0.103749126,0.4284409,0.27854112,-0.76095384,0.0028847866,0.578025
491,0.34867004,0.14135264,-0.18721035,0.021396575,-1.6844577,-0.1829737,-0.1330019,0.19875574,-0.14867288,0.3595039
492,0.22585054,0.26073578,-0.06433918,-0.27374938,0.30719772,0.475164,-0.11768421,-0.48935533,0.23585692,0.37394622
493,0.049812555,0.03411056,0.44424552,-0.060057443,-1.229169,-0.0827801,0.5233618,-0.023215855,0.66263527,0.3323137
494,0.35737315,-0.07318547,-0.15647998,-0.059475195,-0.41828063,0.82978696,-0.033177596,-0.314926,0.05440357,0.42959803
495,0.3270143,-0.091107495,0.07029586,0.10279182,0.50231326,0.5296614,0.15886588,-0.22269133,0.04095555,0.69847053
496,0.16703846,-0.4733629,0.42346323,0.20565984,-0.25654712,-0.15535645,0.35528627,-0.1542781,-0.82515115,0.013481818
497,-0.24007995,0.3604118,-0.0211907,-0.19041242,-0.60872555,-0.65987897,0.0009950274,-0.5551964,0.21134178,0.20347053
498,0.50803673,0.48359132,-0.045744866,0.42173824,0.015376674,-0.4726109,-0.04463621,0.65290874,-0.3188551,0.37322304
499,0.24025042,0.2539042,0.29444483,-0.171663,-0.8357391,-0.16319431,0.18702658,-0.11060645,0.071958676,0.6969609
500,0.04312378,0.028245773,-0.41550094,-0.34193432,0.015473492,-0.5056701,-0.51038945,-0.024655748,-0.87742555,0.7977864
